INSERT INTO GIAO_HANG_LE.TAI_KHOAN VALUES('admin', 'root', 0);
INSERT INTO GIAO_HANG_LE.TAI_KHOAN VALUES('trung.nguyen', 'trung1234', 200);
INSERT INTO GIAO_HANG_LE.TAI_KHOAN VALUES('khang.nguyen', 'khang1234', 200);
INSERT INTO GIAO_HANG_LE.TAI_KHOAN VALUES('phat.nguyen', 'phat1234', 200);
INSERT INTO GIAO_HANG_LE.TAI_KHOAN VALUES('dat.du', 'dat1234', 200);
INSERT INTO GIAO_HANG_LE.TAI_KHOAN VALUES('dung.nguyen', 'dung1234', 100);
INSERT INTO GIAO_HANG_LE.TAI_KHOAN VALUES('dat.le', 'dat1234', 100);
INSERT INTO GIAO_HANG_LE.TAI_KHOAN VALUES('nam.tran', 'nam1234', 800);
INSERT INTO GIAO_HANG_LE.TAI_KHOAN VALUES('khanh.tran', 'khanh1234', 200);
INSERT INTO GIAO_HANG_LE.TAI_KHOAN VALUES('thao.dang', 'thao1234', 1200);
INSERT INTO GIAO_HANG_LE.TAI_KHOAN VALUES('vy.nguyen', 'vy1234', 1500);
INSERT INTO GIAO_HANG_LE.TAI_KHOAN VALUES('nam.tranthanh', 'nam1234', 1500);
INSERT INTO GIAO_HANG_LE.TAI_KHOAN VALUES('tam.nguyen', 'tam1234', 1500);
INSERT INTO GIAO_HANG_LE.TAI_KHOAN VALUES('linh.nguyen', 'linh1234', 1500);
INSERT INTO GIAO_HANG_LE.TAI_KHOAN VALUES('hai.pham', 'hai1234', 1500);
INSERT INTO GIAO_HANG_LE.TAI_KHOAN VALUES('thanh.nguyen', 'thanh1234', 1500);
INSERT INTO GIAO_HANG_LE.TAI_KHOAN VALUES('dung.tran', 'dung1234', 1500);
INSERT INTO GIAO_HANG_LE.TAI_KHOAN VALUES('kha.le', 'kha1234', 1500);
INSERT INTO GIAO_HANG_LE.TAI_KHOAN VALUES('ha.nguyen', 'ha1234', 1500);
INSERT INTO GIAO_HANG_LE.TAI_KHOAN VALUES('tran.nguyen', 'nguyen1234', 1500);
INSERT INTO GIAO_HANG_LE.TAI_KHOAN VALUES('nam.trantien', 'nam1234', 1500);
INSERT INTO GIAO_HANG_LE.TAI_KHOAN VALUES('thinh.nguyen', 'thinh1234', 1500);
INSERT INTO GIAO_HANG_LE.TAI_KHOAN VALUES('thanh.nguyenthi', 'thanh1234', 1500);
INSERT INTO GIAO_HANG_LE.TAI_KHOAN VALUES('nguyen.nguyen', 'nguyen1234', 1500);
INSERT INTO GIAO_HANG_LE.TAI_KHOAN VALUES('nam.pham', 'nam1234', 1500);
INSERT INTO GIAO_HANG_LE.TAI_KHOAN VALUES('truc.nguyen', 'truc1234', 1500);
INSERT INTO GIAO_HANG_LE.TAI_KHOAN VALUES('khang.mai', 'khang1234', 1500);
INSERT INTO GIAO_HANG_LE.TAI_KHOAN VALUES('long.ho', 'long1234', 1500);
INSERT INTO GIAO_HANG_LE.TAI_KHOAN VALUES('ba.nguyen', 'ba1234', 1500);
INSERT INTO GIAO_HANG_LE.TAI_KHOAN VALUES('tu.phan', 'tu1234', 1500);
INSERT INTO GIAO_HANG_LE.TAI_KHOAN VALUES('quy.nguyen', 'quy1234', 1500);
INSERT INTO GIAO_HANG_LE.TAI_KHOAN VALUES('tai.phan', 'tai1234', 1500);
INSERT INTO GIAO_HANG_LE.TAI_KHOAN VALUES('thai.dinh', 'thai1234', 1500);
INSERT INTO GIAO_HANG_LE.TAI_KHOAN VALUES('thanh.tran', 'thanh1234', 1500);
INSERT INTO GIAO_HANG_LE.TAI_KHOAN VALUES('hai.le', 'hai1234', 1500);
INSERT INTO GIAO_HANG_LE.TAI_KHOAN VALUES('hao.phan', 'hao1234', 1500);
INSERT INTO GIAO_HANG_LE.TAI_KHOAN VALUES('minh.nguyen', 'minh1234', 1500);
INSERT INTO GIAO_HANG_LE.TAI_KHOAN VALUES('quoc.dao', 'quoc1234', 1500);
INSERT INTO GIAO_HANG_LE.TAI_KHOAN VALUES('dinh.phan', 'quoc1234', 1500);
INSERT INTO GIAO_HANG_LE.TAI_KHOAN VALUES('ninh.nguyen', 'ninh1234', 1500);
INSERT INTO GIAO_HANG_LE.TAI_KHOAN VALUES('khe.phan', 'khe1234', 1500);
INSERT INTO GIAO_HANG_LE.TAI_KHOAN VALUES('vi.pham', 'vi1234', 1500);
INSERT INTO GIAO_HANG_LE.TAI_KHOAN VALUES('bao.tran', 'bao1234', 1500);
INSERT INTO GIAO_HANG_LE.TAI_KHOAN VALUES('em.nguyen', 'em1234', 1500);
INSERT INTO GIAO_HANG_LE.TAI_KHOAN VALUES('sinh.nguyen', 'sinh1234', 1500);

INSERT INTO GIAO_HANG_LE.KHACH_HANG VALUES('admin', 'admin', 'admin', 0909900900, 'admin@company.com');
INSERT INTO GIAO_HANG_LE.KHACH_HANG VALUES ('trung.nguyen', 'Nguyen Thanh Trung', '497 Hoa Hao, Phuong 07, Quan 10, Thanh pho Ho Chi Minh', 0772220220, 'trung.nguyen@gmail.com');
INSERT INTO GIAO_HANG_LE.KHACH_HANG VALUES ('khang.nguyen', 'Nguyen Duy Khang', 'Ky tuc xa khu A, Phuong Linh Trung, Thanh pho Thu Duc, Thanh pho Ho Chi Minh', 0909009009, 'khang.nguyen@gmail.com');
INSERT INTO GIAO_HANG_LE.KHACH_HANG VALUES ('phat.nguyen', 'Nguyen Tan Phat', 'Ky tuc xa khu A, Phuong Linh Trung, Thanh pho Thu Duc, Thanh pho Ho Chi Minh', 0989124245, 'phat.nguyen@gmail.com');
INSERT INTO GIAO_HANG_LE.KHACH_HANG VALUES ('dat.du', 'Du Thanh Dat', 'Ky tuc xa khu B, Phuong Dong Hoa, Thanh pho Di An, Tinh Binh Duong', 0978145246, 'dat.du@gmail.com');
INSERT INTO GIAO_HANG_LE.KHACH_HANG VALUES ('dung.nguyen', 'Nguyen Tien Dung', '473 Nguyen An Ninh, Phuong 9, Thanh pho Vung Tau, Tinh Ba Ria Vung Tau', 0988124278, 'dung.tiennguyen@gmail.com');
INSERT INTO GIAO_HANG_LE.KHACH_HANG VALUES ('dat.le', 'Le Tien Dat', '97 Lanh Binh Thai, Thi tran Can Giuoc, Huyen Can Giuoc, Long An', 0722120876, 'datle.2k1@gmail.com');
INSERT INTO GIAO_HANG_LE.KHACH_HANG VALUES ('nam.tran', 'Tran Thanh Nam', 'Toa D2, KDC Vinhome Central Park, Phuong Long Thanh My, Quan 9, Thanh pho Ho Chi Minh', 0919109109, 'nam.tran1203@hitech.vn');
INSERT INTO GIAO_HANG_LE.KHACH_HANG VALUES ('khanh.tran', 'Tran Quoc Khanh', '193 Nguyen Tri Phuong, Thanh pho Di An, Tinh Binh Duong', 0387201578, 'khanhtranquoc99@gmail.com');
INSERT INTO GIAO_HANG_LE.KHACH_HANG VALUES ('thao.dang', 'Dang Thi Thu Thao', '42 Duong so 10, KDC Masteri Thao Dien, Quan 2, Thanh pho Ho Chi Minh', 0919100200, 'thao.dang98@gmail.com');
INSERT INTO GIAO_HANG_LE.KHACH_HANG VALUES ('vy.nguyen', 'Nguyen Bui Thao Vy', '82 Tran Huy Lieu, Quan Phu Nhuan, Thanh pho Ho Chi Minh', 0887778778, 'vythao.nguyen@gmail.com');


INSERT INTO GIAO_HANG_LE.KHO_HANG VALUES ('Chau Duc','401 duong Hung Vuong, Thi Tran Ngai Giao, Huyen Chau Duc, Ba Ria - Vung Tau',10.65368733,107.246752751033);
INSERT INTO GIAO_HANG_LE.KHO_HANG VALUES ('Vung Tau','165-167A Nguyen An Ninh, Phuong Thang Nhi, Thanh Pho Vung Tau, Ba Ria - Vung Tau',10.37035994,107.080710597658);
INSERT INTO GIAO_HANG_LE.KHO_HANG VALUES ('Phu My','52 Pham Huu Chi, phuong Phu My, thi xa Phu My, Ba Ria - Vung Tau',10.60263785,107.050222715152);
INSERT INTO GIAO_HANG_LE.KHO_HANG VALUES ('Ba Ria','499 Dien Bien Phu, phuong Long Toan, Ba Ria, Ba Ria - Vung Tau',10.49387168,107.189961755331);
INSERT INTO GIAO_HANG_LE.KHO_HANG VALUES ('Di An','107 Duong so 2, KP Dong Thanh, Phuong Tan Dong Hiep, Thanh Pho Di An, Tinh Binh Duong',10.9257201,106.769137056321);
INSERT INTO GIAO_HANG_LE.KHO_HANG VALUES ('Thuan An 02','9 Nguyen Van Tiet, Lai Thieu, Thanh Pho Thuan An, Tinh Binh Duong',10.9204088,106.713111330006);
INSERT INTO GIAO_HANG_LE.KHO_HANG VALUES ('Ben Cat','341/15, Ap 5, Phuong Chanh Phu Hoa, Thi Xa Ben Cat, Tinh Binh Duong',11.13855617,106.652317976448);
INSERT INTO GIAO_HANG_LE.KHO_HANG VALUES ('Thuan An 01','Duong D12 KCN Thuan Giao, Thi Xa Thuan An, Binh Duong',10.96603737,106.717722195259);
INSERT INTO GIAO_HANG_LE.KHO_HANG VALUES ('Bien Hoa 03','503 Bui Trong Nghia, Khu pho 3, Phuong Trang Dai, Bien Hoa, Dong Nai',10.99190777,106.857757651868);
INSERT INTO GIAO_HANG_LE.KHO_HANG VALUES ('Thong Nhat','H1/005 Ap Nam Son, xa Quang Trung, Huyen Thong Nhat, Tinh Dong Nai',11.00733802,107.168332873148);
INSERT INTO GIAO_HANG_LE.KHO_HANG VALUES ('Bien Hoa 01','2366 Nguyen Ai Quoc, Cau Hang, Xa Hoa An, thanh pho Bien Hoa, Dong Nai',10.92454258,106.805171397662);
INSERT INTO GIAO_HANG_LE.KHO_HANG VALUES ('Trang Bom','24 Tran Phu, Xa Bac Son, Huyen Trang Bom, Dong Nai',10.94874256,106.995105055334);
INSERT INTO GIAO_HANG_LE.KHO_HANG VALUES ('Xuan Loc','10A Nguyen Thi Minh Khai,Thi tran Gia Ray, Huyen Xuan Loc, Dong Nai',10.91492685,107.400472455334);
INSERT INTO GIAO_HANG_LE.KHO_HANG VALUES ('Bien Hoa 02','697 Huynh Van Nghe, phuong Buu Long, Bien Hoa, Dong Nai',10.95658609,106.792434782319);
INSERT INTO GIAO_HANG_LE.KHO_HANG VALUES ('Long Thanh','10 Tran Thuong Xuyen, Thi tran Long Thanh, Huyen Long Thanh, Dong Nai',10.78617731,106.950309324646);
INSERT INTO GIAO_HANG_LE.KHO_HANG VALUES ('Nhon Trach','58 Tran Phu, Phuoc Thien, Huyen Nhon Trach , Dong Nai',10.7544208,106.923636492041);
INSERT INTO GIAO_HANG_LE.KHO_HANG VALUES ('Ben Luc','282A khu pho 8, duong Phan Van Mang, thi tran Ben Luc, Huyen Ben Luc, tinh Long An',10.63549924,106.490163066973);
INSERT INTO GIAO_HANG_LE.KHO_HANG VALUES ('Duc Hoa','47 Quoc lo N2 ap Thuan Hoa 2 xa Hoa Khanh Nam, Duc Hoa, Long An',10.89060174,106.394347326498);
INSERT INTO GIAO_HANG_LE.KHO_HANG VALUES ('Can Giuoc','HMQ2+FGJ, Quoc lo 50, Xa Truong Binh, Huyen Can Giuoc, Long An',10.58883823,106.651301220616);
INSERT INTO GIAO_HANG_LE.KHO_HANG VALUES ('Go Dau','131 Hung Vuong, Huyen Go Dau, tinh Tay Ninh',11.08721491,106.270630811171);
INSERT INTO GIAO_HANG_LE.KHO_HANG VALUES ('Duong Minh Chau','So 6 DT 781, Khu Pho 3, Thi Tran Duong Minh Chau, Huyen Duong Minh Chau, Tinh Tay Ninh',11.39516866,106.242225997666);
INSERT INTO GIAO_HANG_LE.KHO_HANG VALUES ('Tay Ninh','691 Dien Bien Phu, phuong Ninh Thanh, Thanh pho Tay Ninh, Tinh Tay Ninh',11.30885438,106.132483953486);
INSERT INTO GIAO_HANG_LE.KHO_HANG VALUES ('My Tho','126B Doan Thi Nghiep, phuong 5, thanh pho My Tho, Tien Giang',10.36438104,106.346558807448);
INSERT INTO GIAO_HANG_LE.KHO_HANG VALUES ('Chau Thanh - Tien Giang','68 Tinh lo 878, Tam Hiep, Chau Thanh, Tien Giang',10.41485749,106.309242135434);
INSERT INTO GIAO_HANG_LE.KHO_HANG VALUES ('Quan 11','312 Lac Long Quan, Phuong 5, Quan 11, Thanh Pho Ho Chi Minh',10.77186283,106.645825519088);
INSERT INTO GIAO_HANG_LE.KHO_HANG VALUES ('Nguyen Oanh','139 Nguyen Oanh, phuong 10, Quan Go Vap, Thanh Pho Ho Chi Minh',10.83266741,106.67640133999);
INSERT INTO GIAO_HANG_LE.KHO_HANG VALUES ('Phan Huy Ich','85 Phan Huy Ich, Phuong 15, Quan Tan Binh, Thanh Pho Ho Chi Minh',10.82810404,106.632007826497);
INSERT INTO GIAO_HANG_LE.KHO_HANG VALUES ('Luy Ban Bich','321 Luy Ban Bich, Phuong Hiep Tan, Quan Tan Phu, Thanh Pho Ho Chi Minh',10.77255501,106.631898997661);
INSERT INTO GIAO_HANG_LE.KHO_HANG VALUES ('Can Gio','73 Dao Cu, Thi tran Can Thanh, Huyen Can Gio, Thanh Pho Ho Chi Minh',10.41498149,106.971847039986);
INSERT INTO GIAO_HANG_LE.KHO_HANG VALUES ('Binh Chanh 01','A1/9A duong Tran Van Giau, xa Le Minh Xuan, huyen Binh Chanh, Thanh Pho Ho Chi Minh',10.78855979,106.515699755333);
INSERT INTO GIAO_HANG_LE.KHO_HANG VALUES ('Binh Chanh 02','1410 duong Vinh Loc, xa Vinh Loc B, huyen Binh Chanh, Thanh Pho Ho Chi Minh',10.80060855,106.561903484169);
INSERT INTO GIAO_HANG_LE.KHO_HANG VALUES ('Hoc Mon','110 Tran Thi Boc, Thoi Tam Thon, Huyen Hoc Mon, Thanh Pho Ho Chi Minh',10.88882423,106.60048313999);
INSERT INTO GIAO_HANG_LE.KHO_HANG VALUES ('Tan Binh','1294 Lac Long Quan, Phuong 8, Tan Binh, Thanh pho Ho Chi Minh',10.7892376,106.652065341071);
INSERT INTO GIAO_HANG_LE.KHO_HANG VALUES ('Xa lo Ha Noi','740 Xa Lo Ha Noi, Hiep Phu, Quan 9, Thanh Pho Ho Chi Minh',10.84753498,106.773336459757);
INSERT INTO GIAO_HANG_LE.KHO_HANG VALUES ('Binh Tan','143 Ma Lo, Binh Tri Dong A, Quan Binh Tan, Thanh Pho Ho Chi Minh',10.76377615,106.604137397661);
INSERT INTO GIAO_HANG_LE.KHO_HANG VALUES ('Phu My Hung','801 Nguyen Van Linh, Tan Phu, Quan 7,  Thanh Pho Ho Chi Minh',10.73056755,106.720129720247);
INSERT INTO GIAO_HANG_LE.KHO_HANG VALUES ('Tan Thuan Dong','QP3R+PMW, Tan Thuan, Quan 7, Thanh Pho Ho Chi Minh',10.75441546,106.7416998304);
INSERT INTO GIAO_HANG_LE.KHO_HANG VALUES ('Le Van Viet','466B Le Van Viet, Tang Nhon Phu A, Quan 9, Thanh Pho Ho Chi Minh',10.84565033,106.795482231041);
INSERT INTO GIAO_HANG_LE.KHO_HANG VALUES ('Ben Van Don','122Bis Ben Van Don, Phuong 6, Quan 4, Thanh pho Ho Chi Minh',10.76190202,106.697581705319);
INSERT INTO GIAO_HANG_LE.KHO_HANG VALUES ('Ta Quang Buu','418 Ta Quang Buu, Phuong 4, Quan 8, Thanh pho Ho Chi Minh',10.73821783,106.671821089856);


INSERT INTO GIAO_HANG_LE.CHANG VALUES
(0,3,6000,12000,600),
(1,3,6000,12000,600),
(2,33,8000,15000,800),
(3,2,6000,12000,600),
(4,33,8000,15000,800),
(5,4,6000,12000,600),
(6,4,6000,12000,600),
(7,4,6000,12000,600),
(8,10,6000,12000,600),
(9,10,6000,12000,600),
(10,33,8000,15000,800),
(11,10,6000,12000,600),
(12,11,6000,12000,600),
(13,10,6000,12000,600),
(14,10,6000,12000,600),
(15,10,6000,12000,600),
(16,29,8000,15000,800),
(17,16,6000,12000,600),
(18,16,6000,12000,600),
(19,31,8000,15000,800),
(20,21,6000,12000,600),
(21,19,6000,12000,600),
(24,25,6000,12000,600),
(25,26,6000,12000,600),
(26,27,6000,12000,600),
(27,32,6000,12000,600),
(28,35,8000,22000,800),
(29,34,6000,12000,600),
(30,39,6000,12000,600),
(31,27,6000,12000,600),
(32,33,6000,12000,600),
(5,6,6000,12000,600),
(7,6,6000,12000,600),
(14,15,6000,12000,600),
(8,13,6000,12000,600),
(1,14,6000,12000,600),
(17,18,6000,12000,600),
(19,6,8000,15000,800),
(24,26,6000,12000,600),
(24,27,6000,12000,600),
(24,32,6000,12000,600),
(24,33,6000,12000,600),
(24,34,6000,12000,600),
(24,35,6000,12000,600),
(24,37,6000,12000,600),
(24,38,6000,12000,600),
(25,27,6000,12000,600),
(25,32,6000,12000,600),
(25,33,6000,12000,600),
(25,34,6000,12000,600),
(25,35,6000,12000,600),
(25,36,6000,12000,600),
(25,37,6000,12000,600),
(25,38,6000,12000,600),
(25,39,6000,12000,600),
(30,27,6000,12000,600),
(16,31,8000,15000,800),
(31,34,6000,12000,600),
(29,39,6000,12000,600),
(29,31,6000,12000,600),
(26,32,6000,12000,600),
(26,34,6000,12000,600),
(26,35,6000,12000,600),
(26,36,6000,12000,600),
(26,38,6000,12000,600),
(26,39,6000,12000,600),
(27,34,6000,12000,600),
(32,35,6000,12000,600),
(32,36,6000,12000,600),
(32,37,6000,12000,600),
(32,38,6000,12000,600),
(32,39,6000,12000,600),
(33,35,6000,12000,600),
(33,36,6000,12000,600),
(33,37,6000,12000,600),
(33,38,6000,12000,600),
(33,39,6000,12000,600),
(34,35,6000,12000,600),
(34,36,6000,12000,600),
(34,38,6000,12000,600),
(34,39,6000,12000,600),
(35,36,6000,12000,600),
(35,37,6000,12000,600),
(35,38,6000,12000,600),
(35,39,6000,12000,600),
(36,37,6000,12000,600),
(36,38,6000,12000,600),
(36,39,6000,12000,600),
(37,38,6000,12000,600),
(37,39,6000,12000,600),
(38,39,6000,12000,600),
(2,14,8000,15000,800),
(2,15,8000,15000,800),
(4,5,8000,15000,800),
(4,10,8000,15000,800),
(3,0,6000,12000,600),
(3,1,6000,12000,600),
(33,2,8000,15000,800),
(2,3,6000,12000,600),
(33,4,8000,15000,800),
(4,5,6000,12000,600),
(4,6,6000,12000,600),
(4,7,6000,12000,600),
(10,8,6000,12000,600),
(10,9,6000,12000,600),
(33,10,8000,15000,800),
(10,11,6000,12000,600),
(11,12,6000,12000,600),
(10,13,6000,12000,600),
(10,14,6000,12000,600),
(10,15,6000,12000,600),
(29,16,8000,15000,800),
(16,17,6000,12000,600),
(16,18,6000,12000,600),
(31,19,8000,15000,800),
(21,20,6000,12000,600),
(19,21,6000,12000,600),
(25,24,6000,12000,600),
(26,25,6000,12000,600),
(27,26,6000,12000,600),
(32,27,6000,12000,600),
(35,28,8000,22000,800),
(34,29,6000,12000,600),
(39,30,6000,12000,600),
(27,31,6000,12000,600),
(33,32,6000,12000,600),
(6,5,6000,12000,600),
(6,7,6000,12000,600),
(15,14,6000,12000,600),
(13,8,6000,12000,600),
(14,1,6000,12000,600),
(18,17,6000,12000,600),
(6,19,8000,15000,800),
(26,24,6000,12000,600),
(27,24,6000,12000,600),
(32,24,6000,12000,600),
(33,24,6000,12000,600),
(34,24,6000,12000,600),
(35,24,6000,12000,600),
(37,24,6000,12000,600),
(38,24,6000,12000,600),
(27,25,6000,12000,600),
(32,25,6000,12000,600),
(33,25,6000,12000,600),
(34,25,6000,12000,600),
(35,25,6000,12000,600),
(36,25,6000,12000,600),
(37,25,6000,12000,600),
(38,25,6000,12000,600),
(39,25,6000,12000,600),
(27,30,6000,12000,600),
(31,16,8000,15000,800),
(34,31,6000,12000,600),
(39,29,6000,12000,600),
(31,29,6000,12000,600),
(32,26,6000,12000,600),
(34,26,6000,12000,600),
(35,26,6000,12000,600),
(36,26,6000,12000,600),
(38,26,6000,12000,600),
(39,26,6000,12000,600),
(34,27,6000,12000,600),
(35,32,6000,12000,600),
(36,32,6000,12000,600),
(37,32,6000,12000,600),
(38,32,6000,12000,600),
(39,32,6000,12000,600),
(35,33,6000,12000,600),
(36,33,6000,12000,600),
(37,33,6000,12000,600),
(38,33,6000,12000,600),
(39,33,6000,12000,600),
(35,34,6000,12000,600),
(36,34,6000,12000,600),
(38,34,6000,12000,600),
(39,34,6000,12000,600),
(36,35,6000,12000,600),
(37,35,6000,12000,600),
(38,35,6000,12000,600),
(39,35,6000,12000,600),
(37,36,6000,12000,600),
(38,36,6000,12000,600),
(39,36,6000,12000,600),
(38,37,6000,12000,600),
(39,37,6000,12000,600),
(39,38,6000,12000,600),
(14,2,8000,15000,800),
(15,2,8000,15000,800),
(5,4,8000,15000,800),
(10,4,8000,15000,800);

INSERT INTO GIAO_HANG_LE.NHAN_VIEN VALUES  ('nam.tranthanh', 'Tran Thanh Nam', '718 Nguyen Chi Thanh, Quan 11, Thanh pho Ho Chi Minh', 0922123123, 'nam.tranthanh@company.com');
INSERT INTO GIAO_HANG_LE.NHAN_VIEN VALUES ('tam.nguyen', 'Nguyen Thanh Tam', '279 Ly Thuong Kiet, Quan 11, Thanh pho Ho Chi Minh', 0919456765, 'tam.nguyen@company.com');
INSERT INTO GIAO_HANG_LE.NHAN_VIEN VALUES ('linh.nguyen', 'Nguyen Ngoc Linh', '04 Xuan Hong, Quan Tan Binh, Thanh pho Ho Chi Minh', 0987124543, 'linh.nguyen@company.com');
INSERT INTO GIAO_HANG_LE.NHAN_VIEN VALUES ('hai.pham', 'Pham Duy Hai', '79 Do Xuan Hop, Quan 9, Thanh pho Ho Chi Minh', 0734127890, 'hai.pham@company.com');
INSERT INTO GIAO_HANG_LE.NHAN_VIEN VALUES ('khang.mai', 'Mai Thanh Khang', '23 Tay Hoa, Quan 9, Thanh pho Ho Chi Minh', 0980000987, 'khang.mai@company.com');
INSERT INTO GIAO_HANG_LE.NHAN_VIEN VALUES ('long.ho', 'Ho Ngoc Long', '167 Le Duan, Thi xa Phu My, Tinh Ba Ria Vung Tau', 0862564123, 'long.ho@company.com');
INSERT INTO GIAO_HANG_LE.NHAN_VIEN VALUES ('dung.tran', 'Tran Trung Dung', '30 Le Hong Phong, Thanh pho Vung Tau, Tinh Ba Ria Vung Tau', 0909156651, 'dung.tran@company.com');
INSERT INTO GIAO_HANG_LE.NHAN_VIEN VALUES ('thanh.nguyen', 'Nguyen Duc Thanh', '228 Cach Mang Thang 8, Phuong Phuoc Nguyen, Thanh Pho Ba Ria, Tinh Ba Ria Vung Tau', 0878010000, 'thang.nguyen@company.com');
INSERT INTO GIAO_HANG_LE.NHAN_VIEN VALUES ('kha.le', 'Le Thanh Kha', 'Di An, Tinh Binh Duong', 0772001123, 'kha.le@company.com');
INSERT INTO GIAO_HANG_LE.NHAN_VIEN VALUES ('ha.nguyen', 'Nguyen Thi Thu Ha', '772 Quang Trung, Quan Go Vap, Thanh pho Ho Chi Minh', 0897124567, 'ha.nguyen@company.com');
INSERT INTO GIAO_HANG_LE.NHAN_VIEN VALUES ('tran.nguyen', 'Tran Nguyen', '2D Nguyen Thai Binh, Thi tran Can Giuoc, Huyen Can Giuoc, Tinh Long An', 0733780087, 'tran.nguyen@company.com');
INSERT INTO GIAO_HANG_LE.NHAN_VIEN VALUES ('nam.trantien', 'Tran Tien Nam', '162 Huynh Chau So, Tri Trann Ben Luc, Huyen Ben Luc, Tinh Long An', 0989543890, 'nam.trantien@company.com');
INSERT INTO GIAO_HANG_LE.NHAN_VIEN VALUES ('thinh.nguyen', 'Nguyen Quoc Thinh', '26-1 Vo Van Van, Huyen Binh Chanh, Thanh pho Ho Chi Minh', 0789456654, 'thinh.nguyen@company.com');
INSERT INTO GIAO_HANG_LE.NHAN_VIEN VALUES ('thanh.nguyenthi', 'Nguyen Thi Thanh', '218 Cao Lo, Quan 8, Thanh pho Ho Chi Minh', 0956432125, 'thanh.nguyenthi@company.com');
INSERT INTO GIAO_HANG_LE.NHAN_VIEN VALUES ('nguyen.nguyen', 'Nguyen Thi Nguyen', '104 Pham Thi Tanh, Quan 8, Thanh pho Ho Chi Minh', 0976125678, 'nguyen.nguyen@company.com');
INSERT INTO GIAO_HANG_LE.NHAN_VIEN VALUES ('truc.nguyen', 'Nguyen Thanh Truc', '400 Pham Hung, Quan 8, Thanh pho Ho Chi Minh', 0757325412, 'truc.nguyen@company.com');


INSERT INTO GIAO_HANG_LE.NHAN_VIEN VALUES ('nam.pham', 'Pham Le Nam', '112/1/13 Vinh Vien, Quan 10, Thanh pho Ho Chi Minh', 0967364135, 'nam.pham@company.com');
INSERT INTO GIAO_HANG_LE.NHAN_VIEN VALUES ('ba.nguyen', 'Nguyen Van Ba', '30 Tran Quoc Thao, Quan 3, Thanh pho Ho Chi Minh', 0909908809, 'ba.nguyen@company.com');
INSERT INTO GIAO_HANG_LE.NHAN_VIEN VALUES ('tu.phan', 'Phan Hong Tu', '200A Cach mang thang tam, Phuong Phuoc Nguyen, Thanh pho Ba Ria, Tinh Ba Ria Vung Tau', 0919456654, 'tu.phan@company.com');
INSERT INTO GIAO_HANG_LE.NHAN_VIEN VALUES ('quy.nguyen', 'Nguyen Phu Quy', '180 Hoang Van Thu, Quan Phu Nhuan, Thanh pho Ho Chi Minh', 0988387134, 'quy.nguyen@company.com');
INSERT INTO GIAO_HANG_LE.NHAN_VIEN VALUES ('tai.phan', 'Phan Van Tai', '38 To Ngoc Van, Quan Thu Duc, Thanh pho Thu Duc, Thanh pho Ho Chi Minh, ', 0985246256, 'tai.phan@company.com');
INSERT INTO GIAO_HANG_LE.NHAN_VIEN VALUES ('thai.dinh', 'Dinh Quoc Thai', 'Ap 5, Xa Dong Hoa, Thanh pho Di An, Tinh Binh Duong', 0957145987, 'thai.dinh@company.com');


INSERT INTO GIAO_HANG_LE.NHAN_VIEN VALUES ('thanh.tran', 'Tran Van Thanh', 'Binh Dinh', 0896125654, 'thanh.tran@company.com');
INSERT INTO GIAO_HANG_LE.NHAN_VIEN VALUES ('hai.le', 'Le Van Hai', 'Khanh Hoa', 0987124568, 'hai.le@company.com');
INSERT INTO GIAO_HANG_LE.NHAN_VIEN VALUES ('hao.phan', 'Phan Van Hao', 'Nam Dinh', 0765098098, 'hao.phan@company.com');
INSERT INTO GIAO_HANG_LE.NHAN_VIEN VALUES ('minh.nguyen', 'Nguyen Van Minh', 'Nam Dinh', 0654098123, 'minh.nguyen@company.com');
INSERT INTO GIAO_HANG_LE.NHAN_VIEN VALUES ('quoc.dao', 'Dao Van Quoc', 'Hai Phong', 0990143123, 'quoc.dao@company.com');
INSERT INTO GIAO_HANG_LE.NHAN_VIEN VALUES ('dinh.phan', 'Phan Dinh', 'Thanh Hoa', 0909090345, 'dinh.phan@company.com');
INSERT INTO GIAO_HANG_LE.NHAN_VIEN VALUES ('ninh.nguyen', 'Nguyen Hai Ninh', 'Thanh Hoa', 0989998889, 'ninh.nguyen@company.com');
INSERT INTO GIAO_HANG_LE.NHAN_VIEN VALUES ('khe.phan', 'Phan Thanh Khe', 'Nghe An', 0768125876, 'khe.phan@company.com');
INSERT INTO GIAO_HANG_LE.NHAN_VIEN VALUES ('vi.pham', 'Pham Dinh Vi', 'Nghe An', 0971235789, 'vi.pham@company.com');
INSERT INTO GIAO_HANG_LE.NHAN_VIEN VALUES ('bao.tran', 'Tran Gia Bao', 'Vinh Long', 0985123856, 'bao.tran@company.com');
--INSERT INTO GIAO_HANG_LE.NHAN_VIEN VALUES ('em.nguyen', 'Nguyen Van Em', 'Tra Vinh', 0877778667, 'em.nguyen@company.com');
--INSERT INTO GIAO_HANG_LE.NHAN_VIEN VALUES ('sinh.nguyen', 'Nguyen Sinh', 'Vung Tau', 0787878899, 'sinh.nguyen@company.com');

INSERT INTO GIAO_HANG_LE.KIEM_KHO VALUES (0, 24, 1), (1, 24, 1);
INSERT INTO GIAO_HANG_LE.KIEM_KHO VALUES (2, 26, 1);
INSERT INTO GIAO_HANG_LE.KIEM_KHO VALUES (3, 33, 1), (4, 33, 1);
INSERT INTO GIAO_HANG_LE.KIEM_KHO VALUES (5, 2, 1);
INSERT INTO GIAO_HANG_LE.KIEM_KHO VALUES (6, 1, 1);
INSERT INTO GIAO_HANG_LE.KIEM_KHO VALUES (7, 3, 1);
INSERT INTO GIAO_HANG_LE.KIEM_KHO VALUES (8, 4, 1);
INSERT INTO GIAO_HANG_LE.KIEM_KHO VALUES (9, 25, 1);
INSERT INTO GIAO_HANG_LE.KIEM_KHO VALUES (10, 18, 1);
INSERT INTO GIAO_HANG_LE.KIEM_KHO VALUES (11, 16, 1);
INSERT INTO GIAO_HANG_LE.KIEM_KHO VALUES (12, 29, 1);
INSERT INTO GIAO_HANG_LE.KIEM_KHO VALUES (13, 39, 1), (14, 39, 1), (15, 39, 1);



INSERT INTO GIAO_HANG_LE.TAI_XE VALUES (16, '59H1-162.78');
INSERT INTO GIAO_HANG_LE.TAI_XE VALUES (17, '59G2-178.23');
INSERT INTO GIAO_HANG_LE.TAI_XE VALUES (18, '72G1-167.76');
INSERT INTO GIAO_HANG_LE.TAI_XE VALUES (19, '60B1-555.67');
INSERT INTO GIAO_HANG_LE.TAI_XE VALUES (20, '65K2-143.24');
INSERT INTO GIAO_HANG_LE.TAI_XE VALUES (21, '61D1-104.74');

INSERT INTO GIAO_HANG_LE.TAI_XE VALUES (22, '60D-010.21');
INSERT INTO GIAO_HANG_LE.TAI_XE VALUES (23, '60D-010.22');
INSERT INTO GIAO_HANG_LE.TAI_XE VALUES (24, '60D-010.23');
INSERT INTO GIAO_HANG_LE.TAI_XE VALUES (25, '60D-010.24');
INSERT INTO GIAO_HANG_LE.TAI_XE VALUES (26, '60D-010.25');
INSERT INTO GIAO_HANG_LE.TAI_XE VALUES (27, '60D-010.26');
INSERT INTO GIAO_HANG_LE.TAI_XE VALUES (28, '60D-010.27');
INSERT INTO GIAO_HANG_LE.TAI_XE VALUES (29, '60D-010.28');
INSERT INTO GIAO_HANG_LE.TAI_XE VALUES (30, '60D-010.29');
INSERT INTO GIAO_HANG_LE.TAI_XE VALUES (31, '60D-010.30');
--INSERT INTO GIAO_HANG_LE.TAI_XE VALUES (32, '60D-010.31');
--INSERT INTO GIAO_HANG_LE.TAI_XE VALUES (33, '60D-010.32');




--INSERT INTO GIAO_HANG_LE.DON_HANG(ma_khach_hang, trong_luong, can_giao_di, dia_chi_di, dia_chi_den)  VALUES  (1, 1.2, 1, '497 Hoa Hao, Phuong 07, Quan 10, Thanh pho Ho Chi Minh', '03 Nguyen Gia Thieu, Phuong 12, Quan 3, Thanh pho Ho Chi Minh');
--INSERT INTO GIAO_HANG_LE.DI_QUA VALUES  (0, 38, 1);
--INSERT INTO GIAO_HANG_LE.DON_HANG(ma_khach_hang, trong_luong, can_giao_di, dia_chi_di, dia_chi_den) VALUES  (1, 3.8, 1, '497 Hoa Hao, Phuong 07, Quan 10, Thanh pho Ho Chi Minh', '39A Luy Ban Bich, Khu pho An Lac, Thi tran Phuoc Hai, Huyen Dat Do, Tinh Ba Ria Vung Tau');
--INSERT INTO GIAO_HANG_LE.DI_QUA VALUES  (1, 41, 1), (1, 97, 2), (1, 98, 3);
--INSERT INTO GIAO_HANG_LE.DON_HANG(ma_khach_hang, trong_luong, can_giao_di, dia_chi_di, dia_chi_den) VALUES  (6, 8.7, 0, '97 Lanh Binh Thai, Thi tran Can Giuoc, Huyen Can Giuoc, Long An', '347 Huynh Van Banh, Phuong 11, Quan Phu Nhuan, Thanh pho Ho Chi Minh');
--INSERT INTO GIAO_HANG_LE.DI_QUA VALUES  (2, 18, 1), (2, 16, 2), (2, 58, 3), (2, 149, 4);
--INSERT INTO GIAO_HANG_LE.DON_HANG(ma_khach_hang, trong_luong, can_giao_di, dia_chi_di, dia_chi_den) VALUES  (3, 0.6, 1, 'Ky tuc xa khu A, Phuong Linh Trung, Thanh pho Thu Duc, Thanh pho Ho Chi Minh', '34 Phan Van Tri, Quan Go Vap, Thanh pho Ho Chi Minh');
--INSERT INTO GIAO_HANG_LE.DI_QUA VALUES  (3, 143, 1);
--INSERT INTO GIAO_HANG_LE.DON_HANG(ma_khach_hang, trong_luong, can_giao_di, dia_chi_di, dia_chi_den) VALUES  (5, 5.3, 0, '473 Nguyen An Ninh, Phuong 9, Thanh pho Vung Tau, Tinh Ba Ria Vung Tau', '20 Huynh Tinh Cua, Quan 3, Thanh pho Ho Chi Minh');
--INSERT INTO GIAO_HANG_LE.DI_QUA VALUES  (4, 1, 1), (4, 3, 2), (4, 2, 3), (4, 79, 4), (4, 160, 5);
--INSERT INTO GIAO_HANG_LE.DON_HANG(ma_khach_hang, trong_luong, can_giao_di, dia_chi_di, dia_chi_den) VALUES  (8, 9.5, 1, '193 Nguyen Tri Phuong, Thanh pho Di An, Tinh Binh Duong', '52B Nguyen Van Troi, Phuong 15, Quan Phu Nhuan, Thanh pho Ho Chi Minh');
--INSERT INTO GIAO_HANG_LE.DI_QUA VALUES  (5, 4, 1), (5, 79, 2), (5, 160, 3);

--INSERT INTO GIAO_HANG_LE.NGUOINHAN VALUES  (0, 'Nguyen Thanh An', 0979135654);
--INSERT INTO GIAO_HANG_LE.NGUOINHAN VALUES  (1, 'Nguyen Van Thanh', 0674124978);
--INSERT INTO GIAO_HANG_LE.NGUOINHAN VALUES  (2, 'Tran Van Hai', 0986243145);
--INSERT INTO GIAO_HANG_LE.NGUOINHAN VALUES  (3, 'Nguyen Thanh Hai', 0876125567);
--INSERT INTO GIAO_HANG_LE.NGUOINHAN VALUES  (4, 'Pham Nguyen', 0567124765);
--INSERT INTO GIAO_HANG_LE.NGUOINHAN VALUES  (5, 'Ly Cong', 0986124543);


--INSERT INTO GIAO_HANG_LE.GIAO_DI(ma_don_hang, ma_tai_xe, thanh_cong, ly_do) VALUES (0, 16, 1, '');
--INSERT INTO GIAO_HANG_LE.GIAO_DI(ma_don_hang, ma_tai_xe, thanh_cong, ly_do) VALUES (1, 16, 0, 'Nguoi gui chua chuan bi hang');
--INSERT INTO GIAO_HANG_LE.GIAO_DI(ma_don_hang, ma_tai_xe, thanh_cong, ly_do) VALUES (3, 20, 1, '');
--INSERT INTO GIAO_HANG_LE.GIAO_DI(ma_don_hang, ma_tai_xe, thanh_cong, ly_do) VALUES (5, 21, 1, '');
--INSERT INTO GIAO_HANG_LE.GIAO_DI(ma_don_hang, ma_tai_xe, thanh_cong, ly_do) VALUES (1, 16, 1, '');

--INSERT INTO GIAO_HANG_LE.GIAO_DEN_KHO(ma_don_hang, ma_tai_xe, ma_kiem_kho) VALUES (0, 16, 1);
--INSERT INTO GIAO_HANG_LE.GIAO_DEN_KHO(ma_don_hang, ma_tai_xe, ma_kiem_kho) VALUES (1, 16, 0);
--INSERT INTO GIAO_HANG_LE.GIAO_DEN_KHO(ma_don_hang, ma_tai_xe, ma_kiem_kho) VALUES (3, 20, 4);
--INSERT INTO GIAO_HANG_LE.GIAO_DEN_KHO(ma_don_hang, ma_tai_xe, ma_kiem_kho) VALUES (5, 21, 8);


--INSERT INTO GIAO_HANG_LE.THUNG_HANG VALUES
--(38), (41), (97), (98), (18), (16), (58), (149), (143), (1), (3), (2), (76), (160), (4);

--INSERT INTO GIAO_HANG_LE.DONG_GOI(ma_don_hang, ma_thung_hang, ma_kiem_kho) VALUES (0, 0, 0);
--INSERT INTO GIAO_HANG_LE.DONG_GOI(ma_don_hang, ma_thung_hang, ma_kiem_kho) VALUES (1, 1, 1);
--INSERT INTO GIAO_HANG_LE.DONG_GOI(ma_don_hang, ma_thung_hang, ma_kiem_kho) VALUES (2, 4, 10);
--INSERT INTO GIAO_HANG_LE.DONG_GOI(ma_don_hang, ma_thung_hang, ma_kiem_kho) VALUES (3, 8, 4);
--INSERT INTO GIAO_HANG_LE.DONG_GOI(ma_don_hang, ma_thung_hang, ma_kiem_kho) VALUES (4, 9, 6);
--INSERT INTO GIAO_HANG_LE.DONG_GOI(ma_don_hang, ma_thung_hang, ma_kiem_kho) VALUES (5, 14, 8);
--INSERT INTO GIAO_HANG_LE.DONG_GOI(ma_don_hang, ma_thung_hang, ma_kiem_kho) VALUES (1, 2, 3);
--INSERT INTO GIAO_HANG_LE.DONG_GOI(ma_don_hang, ma_thung_hang, ma_kiem_kho) VALUES (2, 5, 11);
--INSERT INTO GIAO_HANG_LE.DONG_GOI(ma_don_hang, ma_thung_hang, ma_kiem_kho) VALUES (4, 10, 7);
--INSERT INTO GIAO_HANG_LE.DONG_GOI(ma_don_hang, ma_thung_hang, ma_kiem_kho) VALUES (1, 3, 5);
--INSERT INTO GIAO_HANG_LE.DONG_GOI(ma_don_hang, ma_thung_hang, ma_kiem_kho) VALUES (2, 6, 12);
--INSERT INTO GIAO_HANG_LE.DONG_GOI(ma_don_hang, ma_thung_hang, ma_kiem_kho) VALUES (4, 11, 5);
--INSERT INTO GIAO_HANG_LE.DONG_GOI(ma_don_hang, ma_thung_hang, ma_kiem_kho) VALUES (4, 12, 4);
--INSERT INTO GIAO_HANG_LE.DONG_GOI(ma_don_hang, ma_thung_hang, ma_kiem_kho) VALUES (5, 12, 4);
--INSERT INTO GIAO_HANG_LE.DONG_GOI(ma_don_hang, ma_thung_hang, ma_kiem_kho) VALUES (2, 7, 13);
--INSERT INTO GIAO_HANG_LE.DONG_GOI(ma_don_hang, ma_thung_hang, ma_kiem_kho) VALUES (4, 13, 15);
--INSERT INTO GIAO_HANG_LE.DONG_GOI(ma_don_hang, ma_thung_hang, ma_kiem_kho) VALUES (5, 13, 15);


--INSERT INTO GIAO_HANG_LE.ROI_KHO(ma_thung, ma_tai_xe, ma_kiem_kho)  VALUES (0, 22, 0);
--INSERT INTO GIAO_HANG_LE.ROI_KHO(ma_thung, ma_tai_xe, ma_kiem_kho)  VALUES (1, 22, 1);
--INSERT INTO GIAO_HANG_LE.ROI_KHO(ma_thung, ma_tai_xe, ma_kiem_kho)  VALUES (2, 23, 3);
--INSERT INTO GIAO_HANG_LE.ROI_KHO(ma_thung, ma_tai_xe, ma_kiem_kho)  VALUES (3, 24, 5);
--INSERT INTO GIAO_HANG_LE.ROI_KHO(ma_thung, ma_tai_xe, ma_kiem_kho)  VALUES (4, 25, 10);
--INSERT INTO GIAO_HANG_LE.ROI_KHO(ma_thung, ma_tai_xe, ma_kiem_kho)  VALUES (5, 26, 11);
--INSERT INTO GIAO_HANG_LE.ROI_KHO(ma_thung, ma_tai_xe, ma_kiem_kho)  VALUES (6, 27, 12);
--INSERT INTO GIAO_HANG_LE.ROI_KHO(ma_thung, ma_tai_xe, ma_kiem_kho)  VALUES (7, 28, 13);
--INSERT INTO GIAO_HANG_LE.ROI_KHO(ma_thung, ma_tai_xe, ma_kiem_kho)  VALUES (8, 23, 4);
--INSERT INTO GIAO_HANG_LE.ROI_KHO(ma_thung, ma_tai_xe, ma_kiem_kho)  VALUES (9, 29, 6);
--INSERT INTO GIAO_HANG_LE.ROI_KHO(ma_thung, ma_tai_xe, ma_kiem_kho)  VALUES (10, 29, 7);
--INSERT INTO GIAO_HANG_LE.ROI_KHO(ma_thung, ma_tai_xe, ma_kiem_kho)  VALUES (11, 30, 5);
--INSERT INTO GIAO_HANG_LE.ROI_KHO(ma_thung, ma_tai_xe, ma_kiem_kho)  VALUES (12, 23, 4);
--INSERT INTO GIAO_HANG_LE.ROI_KHO(ma_thung, ma_tai_xe, ma_kiem_kho)  VALUES (13, 28, 15);
--INSERT INTO GIAO_HANG_LE.ROI_KHO(ma_thung, ma_tai_xe, ma_kiem_kho)  VALUES (14, 31, 8);


--INSERT INTO GIAO_HANG_LE.DEN_KHO(ma_thung, ma_tai_xe, ma_kiem_kho)  VALUES (0, 22, 1);
--INSERT INTO GIAO_HANG_LE.DEN_KHO(ma_thung, ma_tai_xe, ma_kiem_kho)  VALUES (1, 22, 3);
--INSERT INTO GIAO_HANG_LE.DEN_KHO(ma_thung, ma_tai_xe, ma_kiem_kho)  VALUES (2, 23, 5);
--INSERT INTO GIAO_HANG_LE.DEN_KHO(ma_thung, ma_tai_xe, ma_kiem_kho)  VALUES (3, 24, 7);
--INSERT INTO GIAO_HANG_LE.DEN_KHO(ma_thung, ma_tai_xe, ma_kiem_kho)  VALUES (4, 25, 11);
--INSERT INTO GIAO_HANG_LE.DEN_KHO(ma_thung, ma_tai_xe, ma_kiem_kho)  VALUES (5, 26, 12);
--INSERT INTO GIAO_HANG_LE.DEN_KHO(ma_thung, ma_tai_xe, ma_kiem_kho)  VALUES (6, 27, 14);
--INSERT INTO GIAO_HANG_LE.DEN_KHO(ma_thung, ma_tai_xe, ma_kiem_kho)  VALUES (7, 28, 9);
--INSERT INTO GIAO_HANG_LE.DEN_KHO(ma_thung, ma_tai_xe, ma_kiem_kho)  VALUES (8, 23, 9);
--INSERT INTO GIAO_HANG_LE.DEN_KHO(ma_thung, ma_tai_xe, ma_kiem_kho)  VALUES (9, 29, 7);
--INSERT INTO GIAO_HANG_LE.DEN_KHO(ma_thung, ma_tai_xe, ma_kiem_kho)  VALUES (10, 29, 5);
--INSERT INTO GIAO_HANG_LE.DEN_KHO(ma_thung, ma_tai_xe, ma_kiem_kho)  VALUES (11, 30, 4);
--INSERT INTO GIAO_HANG_LE.DEN_KHO(ma_thung, ma_tai_xe, ma_kiem_kho)  VALUES (12, 23, 13);
--INSERT INTO GIAO_HANG_LE.DEN_KHO(ma_thung, ma_tai_xe, ma_kiem_kho)  VALUES (13, 28, 2);
--INSERT INTO GIAO_HANG_LE.DEN_KHO(ma_thung, ma_tai_xe, ma_kiem_kho)  VALUES (14, 31, 3);


--INSERT INTO GIAO_HANG_LE.GIAO_DEN(ma_don_hang, ma_tai_xe, thanh_cong, ly_do) VALUES (0, 17, 1, '');
--INSERT INTO GIAO_HANG_LE.GIAO_DEN(ma_don_hang, ma_tai_xe, thanh_cong, ly_do) VALUES (1, 18, 1, '');
--INSERT INTO GIAO_HANG_LE.GIAO_DEN(ma_don_hang, ma_tai_xe, thanh_cong, ly_do) VALUES (2, 19, 1, '');
--INSERT INTO GIAO_HANG_LE.GIAO_DEN(ma_don_hang, ma_tai_xe, thanh_cong, ly_do) VALUES (3, 19, 1, '');
--INSERT INTO GIAO_HANG_LE.GIAO_DEN(ma_don_hang, ma_tai_xe, thanh_cong, ly_do) VALUES (4, 17, 0, 'Khong lien lac duoc');
--INSERT INTO GIAO_HANG_LE.GIAO_DEN(ma_don_hang, ma_tai_xe, thanh_cong, ly_do) VALUES (5, 19, 1, '');
--INSERT INTO GIAO_HANG_LE.GIAO_DEN(ma_don_hang, ma_tai_xe, thanh_cong, ly_do) VALUES (4, 17, 0, 'Hen 10h ngay mai');
--INSERT INTO GIAO_HANG_LE.GIAO_DEN(ma_don_hang, ma_tai_xe, thanh_cong, ly_do) VALUES (4, 19, 1, '');