INSERT INTO GIAO_HANG_LE.TAI_KHOAN VALUES('admin', 'root', 0);
INSERT INTO GIAO_HANG_LE.TAI_KHOAN VALUES('trung.nguyen', 'trung1234', 200);
INSERT INTO GIAO_HANG_LE.TAI_KHOAN VALUES('khang.nguyen', 'khang1234', 200);
INSERT INTO GIAO_HANG_LE.TAI_KHOAN VALUES('phat.nguyen', 'phat1234', 200);
INSERT INTO GIAO_HANG_LE.TAI_KHOAN VALUES('dat.du', 'dat1234', 200);
INSERT INTO GIAO_HANG_LE.TAI_KHOAN VALUES('dung.nguyen', 'dung1234', 100);
INSERT INTO GIAO_HANG_LE.TAI_KHOAN VALUES('dat.le', 'dat1234', 100);
INSERT INTO GIAO_HANG_LE.TAI_KHOAN VALUES('nam.tran', 'nam1234', 800);
INSERT INTO GIAO_HANG_LE.TAI_KHOAN VALUES('khanh.tran', 'khanh1234', 200);
INSERT INTO GIAO_HANG_LE.TAI_KHOAN VALUES('thao.dang', 'thao1234', 1200);
INSERT INTO GIAO_HANG_LE.TAI_KHOAN VALUES('vy.nguyen', 'vy1234', 1500);
INSERT INTO GIAO_HANG_LE.TAI_KHOAN VALUES('nam.tranthanh', 'nam1234', 1500);
INSERT INTO GIAO_HANG_LE.TAI_KHOAN VALUES('tam.nguyen', 'tam1234', 1500);
INSERT INTO GIAO_HANG_LE.TAI_KHOAN VALUES('linh.nguyen', 'linh1234', 1500);
INSERT INTO GIAO_HANG_LE.TAI_KHOAN VALUES('hai.pham', 'hai1234', 1500);
INSERT INTO GIAO_HANG_LE.TAI_KHOAN VALUES('thanh.nguyen', 'thanh1234', 1500);
INSERT INTO GIAO_HANG_LE.TAI_KHOAN VALUES('dung.tran', 'dung1234', 1500);
INSERT INTO GIAO_HANG_LE.TAI_KHOAN VALUES('kha.le', 'kha1234', 1500);
INSERT INTO GIAO_HANG_LE.TAI_KHOAN VALUES('ha.nguyen', 'ha1234', 1500);
INSERT INTO GIAO_HANG_LE.TAI_KHOAN VALUES('tran.nguyen', 'nguyen1234', 1500);
INSERT INTO GIAO_HANG_LE.TAI_KHOAN VALUES('nam.trantien', 'nam1234', 1500);
INSERT INTO GIAO_HANG_LE.TAI_KHOAN VALUES('thinh.nguyen', 'thinh1234', 1500);
INSERT INTO GIAO_HANG_LE.TAI_KHOAN VALUES('thanh.nguyenthi', 'thanh1234', 1500);
INSERT INTO GIAO_HANG_LE.TAI_KHOAN VALUES('nguyen.nguyen', 'nguyen1234', 1500);
INSERT INTO GIAO_HANG_LE.TAI_KHOAN VALUES('nam.pham', 'nam1234', 1500);
INSERT INTO GIAO_HANG_LE.TAI_KHOAN VALUES('truc.nguyen', 'truc1234', 1500);
INSERT INTO GIAO_HANG_LE.TAI_KHOAN VALUES('khang.mai', 'khang1234', 1500);
INSERT INTO GIAO_HANG_LE.TAI_KHOAN VALUES('long.ho', 'long1234', 1500);
INSERT INTO GIAO_HANG_LE.TAI_KHOAN VALUES('ba.nguyen', 'ba1234', 1500);
INSERT INTO GIAO_HANG_LE.TAI_KHOAN VALUES('tu.phan', 'tu1234', 1500);
INSERT INTO GIAO_HANG_LE.TAI_KHOAN VALUES('quy.nguyen', 'quy1234', 1500);
INSERT INTO GIAO_HANG_LE.TAI_KHOAN VALUES('tai.phan', 'tai1234', 1500);
INSERT INTO GIAO_HANG_LE.TAI_KHOAN VALUES('thai.dinh', 'thai1234', 1500);
INSERT INTO GIAO_HANG_LE.TAI_KHOAN VALUES('thanh.tran', 'thanh1234', 1500);
INSERT INTO GIAO_HANG_LE.TAI_KHOAN VALUES('hai.le', 'hai1234', 1500);
INSERT INTO GIAO_HANG_LE.TAI_KHOAN VALUES('hao.phan', 'hao1234', 1500);
INSERT INTO GIAO_HANG_LE.TAI_KHOAN VALUES('minh.nguyen', 'minh1234', 1500);
INSERT INTO GIAO_HANG_LE.TAI_KHOAN VALUES('quoc.dao', 'quoc1234', 1500);
INSERT INTO GIAO_HANG_LE.TAI_KHOAN VALUES('dinh.phan', 'quoc1234', 1500);
INSERT INTO GIAO_HANG_LE.TAI_KHOAN VALUES('ninh.nguyen', 'ninh1234', 1500);
INSERT INTO GIAO_HANG_LE.TAI_KHOAN VALUES('khe.phan', 'khe1234', 1500);
INSERT INTO GIAO_HANG_LE.TAI_KHOAN VALUES('vi.pham', 'vi1234', 1500);
INSERT INTO GIAO_HANG_LE.TAI_KHOAN VALUES('bao.tran', 'bao1234', 1500);
INSERT INTO GIAO_HANG_LE.TAI_KHOAN VALUES('em.nguyen', 'em1234', 1500);
INSERT INTO GIAO_HANG_LE.TAI_KHOAN VALUES('sinh.nguyen', 'sinh1234', 1500);

INSERT INTO GIAO_HANG_LE.KHACH_HANG VALUES('admin', 'admin', 'admin', 0909900900, 'admin@company.com');
INSERT INTO GIAO_HANG_LE.KHACH_HANG VALUES ('trung.nguyen', 'Nguyen Thanh Trung', '497 Hoa Hao, Phuong 07, Quan 10, Thanh pho Ho Chi Minh', 0772220220, 'trung.nguyen@gmail.com');
INSERT INTO GIAO_HANG_LE.KHACH_HANG VALUES ('khang.nguyen', 'Nguyen Duy Khang', 'Ky tuc xa khu A, Phuong Linh Trung, Thanh pho Thu Duc, Thanh pho Ho Chi Minh', 0909009009, 'khang.nguyen@gmail.com');
INSERT INTO GIAO_HANG_LE.KHACH_HANG VALUES ('phat.nguyen', 'Nguyen Tan Phat', 'Ky tuc xa khu A, Phuong Linh Trung, Thanh pho Thu Duc, Thanh pho Ho Chi Minh', 0989124245, 'phat.nguyen@gmail.com');
INSERT INTO GIAO_HANG_LE.KHACH_HANG VALUES ('dat.du', 'Du Thanh Dat', 'Ky tuc xa khu B, Phuong Dong Hoa, Thanh pho Di An, Tinh Binh Duong', 0978145246, 'dat.du@gmail.com');
INSERT INTO GIAO_HANG_LE.KHACH_HANG VALUES ('dung.nguyen', 'Nguyen Tien Dung', '473 Nguyen An Ninh, Phuong 9, Thanh pho Vung Tau, Tinh Ba Ria Vung Tau', 0988124278, 'dung.tiennguyen@gmail.com');
INSERT INTO GIAO_HANG_LE.KHACH_HANG VALUES ('dat.le', 'Le Tien Dat', '639 Hoang Hoa Tham, Quan Ba Dinh, Ha Noi', 0722120876, 'datle.2k1@gmail.com');
INSERT INTO GIAO_HANG_LE.KHACH_HANG VALUES ('nam.tran', 'Tran Thanh Nam', 'Toa D2, KDC Vinhome Central Park, Phuong Long Thanh My, Quan 9, Thanh pho Ho Chi Minh', 0919109109, 'nam.tran1203@hitech.vn');
INSERT INTO GIAO_HANG_LE.KHACH_HANG VALUES ('khanh.tran', 'Tran Quoc Khanh', '12 Be Van Dan, Phuong Tan Thanh, Thanh pho Buon Ma Thuot, Tinh Dak Lak', 0387201578, 'khanhtranquoc99@gmail.com');
INSERT INTO GIAO_HANG_LE.KHACH_HANG VALUES ('thao.dang', 'Dang Thi Thu Thao', '42 Duong so 10, KDC Masteri Thao Dien, Quan 2, Thanh pho Ho Chi Minh', 0919100200, 'thao.dang98@gmail.com');
INSERT INTO GIAO_HANG_LE.KHACH_HANG VALUES ('vy.nguyen', 'Nguyen Bui Thao Vy', '82 Tran Huy Lieu, Quan Phu Nhuan, Thanh pho Ho Chi Minh', 0887778778, 'vythao.nguyen@gmail.com');

INSERT INTO GIAO_HANG_LE.DON_HANG(ma_khach_hang, trong_luong, can_giao_di, dia_chi_di, dia_chi_den)  VALUES  (1, 1.2, 1, '34 Phan Van Tri, Quan Go Vap, Thanh pho Ho Chi Minh', '03 Nguyen Gia Thieu, Phuong 12, Quan 3, Thanh pho Ho Chi Minh');
INSERT INTO GIAO_HANG_LE.DON_HANG(ma_khach_hang, trong_luong, can_giao_di, dia_chi_di, dia_chi_den) VALUES  (1, 3.8, 1, '497 Hoa Hao, Phuong 07, Quan 10, Thanh pho Ho Chi Minh', '39A Luy Ban Bich, Khu pho An Lac, Thi tran Phuoc Hai, Huyen Dat Do, Tinh Ba Ria Vung Tau');
INSERT INTO GIAO_HANG_LE.DON_HANG(ma_khach_hang, trong_luong, can_giao_di, dia_chi_di, dia_chi_den) VALUES  (6, 8.7, 0, '639 Hoang Hoa Tham, Quan Ba Dinh, Ha Noi', '347 Huynh Van Banh, Phuong 11, Quan Phu Nhuan, Thanh pho Ho Chi Minh');
INSERT INTO GIAO_HANG_LE.DON_HANG(ma_khach_hang, trong_luong, can_giao_di, dia_chi_di, dia_chi_den) VALUES  (3, 0.6, 1, 'Ky tuc xa khu A, Phuong Linh Trung, Thanh pho Thu Duc, Thanh pho Ho Chi Minh', 'FC42+6QP, Xa My Tinh An, Huyen Cho Gao, Tinh Tien Giang');
INSERT INTO GIAO_HANG_LE.DON_HANG(ma_khach_hang, trong_luong, can_giao_di, dia_chi_di, dia_chi_den) VALUES  (5, 5.3, 0, '473 Nguyen An Ninh, Phuong 9, Thanh pho Vung Tau, Tinh Ba Ria Vung Tau', '20 Huynh Tinh Cua, Quan 3, Thanh pho Ho Chi Minh');
INSERT INTO GIAO_HANG_LE.DON_HANG(ma_khach_hang, trong_luong, can_giao_di, dia_chi_di, dia_chi_den) VALUES  (8, 9.5, 1, '12 Be Van Dan, Phuong Tan Thanh, Thanh pho Buon Ma Thuot, Tinh Dak Lak', '52B Nguyen Van Troi, Phuong 15, Quan Phu Nhuan, Thanh pho Ho Chi Minh');

INSERT INTO GIAO_HANG_LE.KHO_HANG VALUES
('Chau Phu','Xa Vinh Thanh Trung, Huyen Chau Phu, An Giang'),('Cho Moi','56 Tran Hung Dao, Thi tran Cho Moi, Huyen Cho Moi, Tinh An Giang'),('Chau Doc','Phuong Nui Sam, Thanh pho Chau Doc, An Giang'),('Long Xuyen','164 Hung Vuong, phuong My Long, Thanh pho Long Xuyen, tinh An Giang'),('Chau Duc','401 duong Hung Vuong, Thi Tran Ngai Giao, Huyen Chau Duc, tinh Ba Ria - Vung Tau'),('Vung Tau','165-167A Nguyen An Ninh, Phuong Thang Nhi, Thanh Pho Vung Tau, Ba Ria - Vung Tau'),('Phu My','52 Pham Huu Chi, phuong Phu My, thi xa Phu My, tinh Ba Ria - Vung Tau'),('Ba Ria','499 Dien Bien Phu, phuong Long Toan, Ba Ria, Ba Ria - Vung Tau'),('Bac Giang','368 duong Hoang Van Thu, Thanh pho Bac Giang, tinh Bac Giang'),('Gia Rai','Khom 5, Thi tran Ho Phong, Thi Xa Gia Rai, Bac Lieu'),('Bac Lieu','66 Cao Van Lau, Phuong Nha Mat, Thanh pho Bac Lieu, Bac Lieu'),('Bac Ninh','10 Duong Luong The Vinh,Phuong Ninh Xa,TP Bac Ninh,Bac Ninh'),('Chau Thanh - Ben Tre','Ap Phu Khuong, Xa Phu Tuc, Huyen Chau Thanh, Ben Tre'),('Quy Nhon 02','233 Le Thanh Nghi, Phuong Dong Da, Thanh Pho Quy Nhon, Tinh Binh Dinh'),('Quy Nhon 01','47 Vo Lieu, Ghenh Rang, Thanh pho Quy Nhon, Binh Dinh'),('Di An','107 Duong so 2, KP Dong Thanh, Phuong Tan Dong Hiep, Thanh Pho Di An, Tinh Binh Duong'),('Thuan An 02','9 Bis, KP Dong Tu, Lai Thieu, Thanh Pho Thuan An, Tinh Binh Duong'),('Ben Cat','341/15 Khu DC Ap 5, Phuong Chanh Phu Hoa, Thi Xa Ben Cat, Tinh Binh Duong'),('Thuan An 01','Duong D12 KCN Thuan Giao, Thi Xa Thuan An, Binh Duong'),('La gi','480 Thong Nhat, Phuong Tan An, Thi xa La Gi, Binh Thuan'),('Phan Thiet','18 Truong Han Sieu, phuong Phu Thuy, thanh pho Phan Thiet, tinh Binh Thuan'),('Tuy Phong','99 Nguyen Thi Minh Khai, Khu pho 5, Lien Huong, huyen Tuy Phong, tinh Binh Thuan'),('Ca Mau','156 Nguyen Dinh Chieu, Phuong 8, Thanh pho Ca Mau, Ca Mau'),('Cai Rang','QL1A, Ba Lang, Cai Rang, Can Tho'),('Binh Thuy','LK6, D1-27, Xuan Hong, Phuong Long Tuyen, Quan Binh Thuy, Can Tho'),('Ninh Kieu','11/12  Khu nha vuon Con Khuong, Phuong Cai Khe, Quan Ninh Kieu, Can Tho'),('Hai Chau 02','179-181 30/4, Hoa Cuong Bac, Quan Hai Chau, Da Nang'),('Ngu Hanh Son','138 Le Van Hien, Phuong Khue My, Quan Ngu Hanh Son, Da Nang'),('Thanh Khe','63 Nguyen Gian Thanh, Hoa Khe, Quan Thanh Khe, Da Nang'),('Buon Ma Thuot 02','326 Nguyen Van Cu, Tan Lap, Thanh Pho Buon Ma Thuot, Tinh Dak Lak'),('Buon Ma Thuot 01','30 10/3, Thanh Nhat, Thanh Pho Buon Ma Thuot, Dak Lak'),('Bien Hoa 03','503 Bui Trong Nghia, Khu pho 3, Phuong Trang Dai, Bien Hoa, Dong Nai'),('Thong Nhat','H1/005 Ap Nam Son, xa Quang Trung, Huyen Thong Nhat, Tinh Dong Nai'),('Bien Hoa 01','2366 Nguyen Ai Quoc, Cau Hang, Xa Hoa An, thanh pho Bien Hoa, Dong Nai'),('Trang Bom','24 Tran Phu, Xa Bac Son, Huyen Trang Bom, Dong Nai'),('Xuan Loc','10A Nguyen Thi Minh Khai,Thi tran Gia Ray, Huyen Xuan Loc, Dong Nai'),('Bien Hoa 02','697 khu pho 4, Huynh Van Nghe, phuong Buu Long, Bien Hoa, Dong Nai'),('Long Thanh','10 Tran Thuong Xuyen, Thi tran Long Thanh, Huyen Long Thanh, Dong Nai'),('Nhon Trach','Ap Ben Cam, xa Phuoc Thien, Huyen Nhon Trach , Dong Nai'),('Lap Vo','3/2, Thi tran Lap Vo, Huyen Lap Vo, Tinh Dong Thap'),('Lai Vung','Duong so 7, KDT Sen Vang, Lai Vung, Dong Thap'),('Cao Lanh','421/1 Duong 30/4, Phuong 1, thanh pho cao lanh, Dong thap'),('Sa Dec','10 Phan Dinh Phung, Khu Dan cu Tan Hoa, Phuong An Hoa, Thanh pho Sa Dec, Dong Thap'),('Ha Giang','7 Nguyen Du, Phuong Nguyen Trai , Thanh Pho Ha Giang, Ha Giang'),('Long Bien','To 4 Thon Thuong Dong, Phuong Phuc Loi, Quan Long Bien, Ha Noi'),('Duy Tan','So 6 ngach 3, ngo 78 Duy Tan, Phuong Dich Vong Hau, Quan Cau Giay, Ha Noi'),('My Dinh','236 Duong My Dinh, Phuong My Dinh 2, Quan Nam Tu Liem, Ha Noi'),('Ba Vi','546 Duong Quang Oai, xa Chu Minh, huyen Ba Vi, Thanh Pho Ha Noi'),('Me Linh','To 5 thi tran Chi Dong, huyen Me Linh, Ha Noi'),('Soc Son','Thon Duoc Ha, Xa Tien Duoc, Huyen Soc Son, Ha Noi'),('Thuong Tin','Ngo 1 Cau Dua, Thon Binh Vong, xa Van Binh, huyen Thuong Tin, Ha Noi'),('Chuong My','Xom Ben, Xa Tot Dong, Huyen Chuong My, Ha Noi'),('Hoai Duc','Ngo 28 duong Yen So, thon Trung Ky, xa Dac So, huyen Hoai Duc, Ha Noi'),('Thanh Tri','Thon Vinh Trung, Xa Dai Ang, huyen Thanh Tri, Ha Noi'),('Thanh Oai','So 1A , duong Binh Minh, Xom Cho, Xa Binh Minh, Huyen Thanh Oai, Ha Noi'),('Gia Lam','Khu tai dinh cu Doc Hoi, Thi Tran Trau Quy, Huyen Gia Lam, Ha Noi'),('Dong Anh','71 Tho Bao, Xa Van Noi, Huyen Dong Anh, Ha Noi'),('Ha Tinh','481 Duong 26/3, Dai Nai, Thanh Pho Ha Tinh, Tinh Ha Tinh'),('Ninh Giang','Quoc lo 37, xa Tan Huong, huyen Ninh Giang, tinh Hai Duong'),('Kinh Mon','358/1 Tran Hung Dao, Phuong An Luu Thi Xa Kinh Mon, Hai Duong'),('Tu Ky','343 duong 391, Thi tran Tu Ky, huyen Tu Ky, Hai Duong'),('Chi Linh','23 Tran Hung Dao, phuong Sao Do, Thanh Pho Chi Linh, Hai Duong'),('Hai Duong','247 Binh Loc, phuong Tan Binh, thanh pho Hai Duong, tinh Hai Duong'),('Le Chan','To 2 Phuong Vinh Niem, Quan Le Chan, Thanh Pho Hai Phong'),('Phung Hiep','Duong Hung Vuong, Thi tran Cay Duong, Phung Hiep, Hau Giang'),('Vi Thanh','35 Nguyen Khuyen, Phuong 3, Thanh pho Vi Thanh, Tinh Hau Giang'),('Nha Trang 03','127 Duong 23/10, Phuong Son, Nha Trang, Khanh Hoa'),('Nha Trang 01','2 duong 29, Khu Dan Cu Phuoc Long A, Phuong Phuoc Long, Thanh Pho Nha Trang, Khanh Hoa'),('Phu Quoc','Duong 30/4, Duong To, Phu Quoc, Kien Giang'),('Rach Gia','23 Dong Da, Phuong Vinh Lac, Thanh pho Rach Gia, Tinh Kien Giang'),('Kon Tum','316 Dao Duy Tu, Thang Loi, Thanh pho Kon Tum, Tinh Kon Tum'),('Da Lat 02','45-47 Yersin, Phuong 9, Thanh Pho Da Lat, Tinh Lam Dong'),('Bao Loc','130 Nguyen Khuyen, Phuong 2, Bao Loc, Lam Dong'),('Da Lat 01','168A Xo Viet Nghe Tinh, P7. Thanh Pho Da Lat, Lam Dong'),('Lao Cai','106 duong Yet Kieu, phuong Kim Tan, thanh pho Lao Cai, Tinh Lao Cai'),('Ben Luc','282A khu pho 8, duong Phan Van Mang, thi tran Ben Luc, Huyen Ben Luc, tinh Long An'),('Duc Hoa','47 Quoc lo N2 ap Thuan Hoa 2 xa Hoa Khanh Nam, Duc Hoa, Long An'),('Can Giuoc','Quoc lo 50, Xa Truong Binh, Huyen Can Giuoc, Long An'),('Dien Chau','Xom 1, Dien Thanh, Dien Chau, Nghe An'),('Vinh 2','120 Phong Dinh Cang, Phuong Hung Dung, Thanh Pho Vinh, Nghe An'),('Nghi Loc','Duong Thang Long, Thi Tran Quan Hanh, Nghi Loc, Nghe An'),('Vinh 01','Lo A13-A14 Duong 72M, Nghi Phu, Thanh Pho Vinh. Nghe An'),('Phan Rang','Lo 5 Nguyen Thi Minh Khai, Son Hai, Thanh Pho Phan Rang,Thap Cham, Ninh Thuan'),('Viet Tri','Duong Lac Long Quan, Phuong Minh Nong, Thanh Pho Viet Tri, Tinh Phu Tho'),('Tuy Hoa','47 Nguyen Trung Truc, Phuong 8, Tuy Hoa, Phu Yen'),('Dong Hoi','Lo 5 Pham Van Dong, P. Nam Ly, Thanh Pho Dong Hoi, Quang Binh'),('Dien Ban','107 Phan Thuc Duyen, Dien An, Dien Ban, Quang Nam'),('Hoi An','55 Phan Dinh Phung, Cam Pho, Hoi An, Quang Nam, Hoi An, Quang Nam'),('Tam Ky','Lo M17, KDC pho cho An Son, Phuong An Son, Thanh Pho Tam Ky, Quang Nam, Tam Ky, Quang Nam'),('Quang Ngai','07 Le Thanh Ton, phuong Nghia Chanh, thanh pho Quang Ngai, tinh Quang Ngai'),('Soc Trang','154 Pham Hung, Phuong 8, Thanh pho Soc Trang, Tinh Soc Trang'),('Go Dau','204, to ban do so 11, ap Xom Moi, xa Thanh Phuoc, huyen Go Dau, tinh Tay Ninh'),('Duong Minh Chau','So 6 DT 781, Khu Pho 3, Thi Tran Duong Minh Chau, Huyen Duong Minh Chau, Tinh Tay Ninh'),('Tay Ninh','691 Dien Bien Phu, phuong Ninh Thanh, Thanh pho Tay Ninh, tinh Tay Ninh'),('Thanh Hoa','182 MBQH so 89 XD UBTH, Phuong Dong Huong, TP. Thanh Hoa , Thanh Hoa'),('Hue','C5 Tung Thien Vuong, phuong Vy Da, Thanh pho Hue, Tinh Thua Thien Hue'),('My Tho','Doan Thi Nghiep, phuong 5, thanh pho My Tho, Tien Giang'),('Chau Thanh - Tien Giang','Tinh lo 878, Tam Hiep, Chau Thanh, Tien Giang'),('Nguyen Oanh','139 Nguyen Oanh, phuong 10, Quan Go Vap, Thanh Pho Ho Chi Minh'),('Phan Huy Ich','85 Phan Huy Ich, Phuong 15, Quan Tan Binh, Thanh Pho Ho Chi Minh'),('Luy Ban Bich','321 Luy Ban Bich, Phuong Hiep Tan, Quan Tan Phu, Thanh Pho Ho Chi Minh'),('Can Gio','73 Dao Cu, Thi tran Can Thanh, Huyen Can Gio'),('Binh Chanh 01','A1/9A duong Tran Van Giau, xa Le Minh Xuan, huyen Binh Chanh, Thanh Pho Ho Chi Minh'),('Binh Chanh 02','1410 duong Vinh Loc, xa Vinh Loc B, huyen Binh Chanh, TP Ho Chi Minh'),('Hoc Mon','10/4 Thoi Tam Thon 18, Ap Tam Dong, Thoi Tam Thon, Huyen Hoc Mon, TP Ho Chi Minh'),('Son Duong','TDP Tan Bac, Thi tran Son Duong, Huyen Son Duong, Tinh Tuyen Quang'),('Long Ho','Khu dan cu Phu Duc, xa Phu Duc, huyen Long Ho, tinh Vinh Long'),('Vinh Long','328 Pho Co Dieu, phuong 3, thanh pho Vinh Long, tinh Vinh Long'),('Vinh Tuong','Khu Trung tam thuong mai va nha o Phuc Son, xa Thuong Trung, huyen Vinh Tuong, Vinh Phuc'),('Phuc Yen','65 Tran Phu, phuong Trung Nhi, Phuc Yen, Vinh Phuc');
INSERT INTO GIAO_HANG_LE.CHANG VALUES
(0,2,8000,22000,1100),(1,2,8000,22000,1100),(2,25,15000,25000,1500),(3,2,8000,22000,1100),(4,7,6000,18000,900),(5,7,6000,18000,900),(6,7,6000,18000,900),(7,101,12000,22000,1500),(8,49,15000,25000,1500),(9,10,8000,22000,1100),(10,25,15000,25000,1500),(11,49,15000,25000,1500),(12,25,15000,25000,1500),(13,14,6000,18000,900),(14,28,15000,25000,1500),(15,101,15000,25000,1500),(16,15,6000,18000,900),(17,15,6000,18000,900),(18,15,6000,18000,900),(19,20,6000,18000,900),(20,101,15000,25000,1500),(21,20,6000,18000,900),(22,25,6000,18000,900),(23,25,6000,18000,900),(24,25,6000,18000,900),(25,101,17000,32000,1800),(26,28,6000,18000,900),(27,28,6000,18000,900),(28,101,17000,32000,1800),(29,30,15000,25000,1500),(30,28,15000,25000,1500),(31,33,6000,18000,900),(32,33,6000,18000,900),(33,101,12000,22000,1500),(34,33,6000,18000,900),(35,33,6000,18000,900),(36,33,6000,18000,900),(37,33,6000,18000,900),(38,33,6000,18000,900),(39,41,6000,18000,900),(40,41,6000,18000,900),(41,25,15000,25000,1500),(42,41,6000,18000,900),(43,49,15000,25000,1500),(44,49,6000,18000,900),(45,49,6000,18000,900),(46,49,6000,18000,900),(47,49,6000,18000,900),(48,49,6000,18000,900),(49,101,22000,35000,2100),(50,49,6000,18000,900),(51,49,6000,18000,900),(52,49,6000,18000,900),(53,49,6000,18000,900),(54,49,6000,18000,900),(55,49,6000,18000,900),(56,49,6000,18000,900),(57,49,15000,25000,1500),(58,61,6000,18000,900),(59,61,6000,18000,900),(60,61,6000,18000,900),(61,49,15000,25000,1500),(62,61,6000,18000,900),(63,49,15000,25000,1500),(64,25,15000,25000,1500),(65,64,6000,18000,900),(66,101,15000,25000,1500),(67,66,6000,18000,900),(68,25,15000,25000,1500),(69,68,17000,32000,1800),(70,72,6000,18000,900),(71,72,6000,18000,900),(72,101,18000,27000,1500),(73,72,6000,18000,900),(74,49,15000,25000,1500),(75,77,6000,18000,900),(76,77,6000,18000,900),(77,101,12000,22000,1500),(78,81,6000,18000,900),(79,81,6000,18000,900),(80,81,6000,18000,900),(81,49,12000,22000,1500),(82,28,15000,25000,1500),(83,49,15000,25000,1500),(84,28,15000,25000,1500),(85,28,15000,25000,1500),(86,88,6000,18000,900),(87,88,6000,18000,900),(88,28,15000,25000,1500),(89,28,15000,25000,1500),(90,25,15000,25000,1500),(91,93,6000,18000,900),(92,93,6000,18000,900),(93,25,15000,25000,1500),(94,49,15000,25000,1500),(95,28,15000,25000,1500),(96,101,15000,25000,1500),(97,96,6000,18000,900),(98,101,6000,18000,900),(99,101,6000,18000,900),(100,101,6000,18000,900),(102,101,6000,18000,900),(103,101,6000,18000,900),(104,101,6000,18000,900),(105,49,15000,25000,1500),(106,107,6000,18000,900),(107,25,15000,25000,1500),(108,109,6000,18000,900),(109,49,15000,25000,1500),(72,28,13000,22000,1000),(49,28,18000,25000,15000),(77,25,15000,25000,1500),(57,28,15000,25000,1500),(85,57,6000,18000,900),(12,101,15000,25000,1500),(96,25,15000,25000,1500),
(2,0,8000,22000,1100),
(2,1,8000,22000,1100),
(25,2,15000,25000,1500),
(2,3,8000,22000,1100),
(7,4,6000,18000,900),
(7,5,6000,18000,900),
(7,6,6000,18000,900),
(101,7,12000,22000,1500),
(49,8,15000,25000,1500),
(10,9,8000,22000,1100),
(25,10,15000,25000,1500),
(49,11,15000,25000,1500),
(25,12,15000,25000,1500),
(14,13,6000,18000,900),
(28,14,15000,25000,1500),
(101,15,15000,25000,1500),
(15,16,6000,18000,900),
(15,17,6000,18000,900),
(15,18,6000,18000,900),
(20,19,6000,18000,900),
(101,20,15000,25000,1500),
(20,21,6000,18000,900),
(25,22,6000,18000,900),
(25,23,6000,18000,900),
(25,24,6000,18000,900),
(101,25,17000,32000,1800),
(28,26,6000,18000,900),
(28,27,6000,18000,900),
(101,28,17000,32000,1800),
(30,29,15000,25000,1500),
(28,30,15000,25000,1500),
(33,31,6000,18000,900),
(33,32,6000,18000,900),
(101,33,12000,22000,1500),
(33,34,6000,18000,900),
(33,35,6000,18000,900),
(33,36,6000,18000,900),
(33,37,6000,18000,900),
(33,38,6000,18000,900),
(41,39,6000,18000,900),
(41,40,6000,18000,900),
(25,41,15000,25000,1500),
(41,42,6000,18000,900),
(49,43,15000,25000,1500),
(49,44,6000,18000,900),
(49,45,6000,18000,900),
(49,46,6000,18000,900),
(49,47,6000,18000,900),
(49,48,6000,18000,900),
(101,49,22000,35000,2100),
(49,50,6000,18000,900),
(49,51,6000,18000,900),
(49,52,6000,18000,900),
(49,53,6000,18000,900),
(49,54,6000,18000,900),
(49,55,6000,18000,900),
(49,56,6000,18000,900),
(49,57,15000,25000,1500),
(61,58,6000,18000,900),
(61,59,6000,18000,900),
(61,60,6000,18000,900),
(49,61,15000,25000,1500),
(61,62,6000,18000,900),
(49,63,15000,25000,1500),
(25,64,15000,25000,1500),
(64,65,6000,18000,900),
(101,66,15000,25000,1500),
(66,67,6000,18000,900),
(25,68,15000,25000,1500),
(68,69,17000,32000,1800),
(72,70,6000,18000,900),
(72,71,6000,18000,900),
(101,72,18000,27000,1500),
(72,73,6000,18000,900),
(49,74,15000,25000,1500),
(77,75,6000,18000,900),
(77,76,6000,18000,900),
(101,77,12000,22000,1500),
(81,78,6000,18000,900),
(81,79,6000,18000,900),
(81,80,6000,18000,900),
(49,81,12000,22000,1500),
(28,82,15000,25000,1500),
(49,83,15000,25000,1500),
(28,84,15000,25000,1500),
(28,85,15000,25000,1500),
(88,86,6000,18000,900),
(88,87,6000,18000,900),
(28,88,15000,25000,1500),
(28,89,15000,25000,1500),
(25,90,15000,25000,1500),
(93,91,6000,18000,900),
(93,92,6000,18000,900),
(25,93,15000,25000,1500),
(49,94,15000,25000,1500),
(28,95,15000,25000,1500),
(101,96,15000,25000,1500),
(96,97,6000,18000,900),
(101,98,6000,18000,900),
(101,99,6000,18000,900),
(101,100,6000,18000,900),
(101,102,6000,18000,900),
(101,103,6000,18000,900),
(101,104,6000,18000,900),
(49,105,15000,25000,1500),
(107,106,6000,18000,900),
(25,107,15000,25000,1500),
(109,108,6000,18000,900),
(49,109,15000,25000,1500),
(28,72,13000,22000,1000),
(28,49,18000,25000,15000),
(25,77,15000,25000,1500),
(28,57,15000,25000,1500),
(57,85,6000,18000,900),
(101,12,15000,25000,1500),
(25,96,15000,25000,1500),
(98,99,6000,18000,900),(98,100,6000,18000,900),(98,102,6000,18000,900),(98,103,6000,18000,900),(99,100,6000,18000,900),(100,102,6000,18000,900),(102,103,6000,18000,900),(100,104,6000,18000,900),(91,92,6000,18000,900),(86,87,6000,18000,900),(78,80,6000,18000,900),(79,80,6000,18000,900),(58,59,6000,18000,900),(58,60,6000,18000,900),(59,60,6000,18000,900),(59,62,6000,18000,900),(60,62,6000,18000,900),(44,45,6000,18000,900),(44,46,6000,18000,900),(44,47,6000,18000,900),(44,50,6000,18000,900),(44,51,6000,18000,900),(44,53,6000,18000,900),(44,54,6000,18000,900),(44,55,6000,18000,900),(44,56,6000,18000,900),(45,46,6000,18000,900),(45,47,6000,18000,900),(45,48,6000,18000,900),(45,50,6000,18000,900),(45,51,6000,18000,900),(45,52,6000,18000,900),(45,53,6000,18000,900),(45,54,6000,18000,900),(45,55,6000,18000,900),(45,56,6000,18000,900),(46,47,6000,18000,900),(46,48,6000,18000,900),(46,50,6000,18000,900),(46,51,6000,18000,900),(46,52,6000,18000,900),(46,53,6000,18000,900),(46,54,6000,18000,900),(46,55,6000,18000,900),(46,56,6000,18000,900),(47,48,6000,18000,900),(47,50,6000,18000,900),(47,51,6000,18000,900),(47,52,6000,18000,900),(47,53,6000,18000,900),(47,55,6000,18000,900),(47,56,6000,18000,900),(48,50,6000,18000,900),(48,51,6000,18000,900),(48,53,6000,18000,900),(48,54,6000,18000,900),(48,55,6000,18000,900),(48,56,6000,18000,900),(50,51,6000,18000,900),(50,52,6000,18000,900),(50,53,6000,18000,900),(50,54,6000,18000,900),(50,55,6000,18000,900),(50,56,6000,18000,900),(51,52,6000,18000,900),(51,53,6000,18000,900),(51,54,6000,18000,900),(51,55,6000,18000,900),(51,56,6000,18000,900),(52,55,6000,18000,900),(52,56,6000,18000,900),(39,40,6000,18000,900),(39,42,6000,18000,900),(40,42,6000,18000,900),(31,32,6000,18000,900),(31,34,6000,18000,900),(31,35,6000,18000,900),(31,36,6000,18000,900),(31,37,6000,18000,900),(31,38,6000,18000,900),(32,34,6000,18000,900),(32,35,6000,18000,900),(32,36,6000,18000,900),(32,37,6000,18000,900),(32,38,6000,18000,900),(34,35,6000,18000,900),(34,36,6000,18000,900),(34,37,6000,18000,900),(34,38,6000,18000,900),(35,36,6000,18000,900),(35,37,6000,18000,900),(35,38,6000,18000,900),(36,37,6000,18000,900),(36,38,6000,18000,900),(37,38,6000,18000,900),(16,17,6000,18000,900),(16,18,6000,18000,900),(17,18,6000,18000,900),(4,5,6000,18000,900),(4,6,6000,18000,900),(5,6,6000,18000,900),(99,98,6000,18000,900),(100,98,6000,18000,900),(102,98,6000,18000,900),(103,98,6000,18000,900),(100,99,6000,18000,900),(102,100,6000,18000,900),(103,102,6000,18000,900),(104,100,6000,18000,900),(92,91,6000,18000,900),(87,86,6000,18000,900),(80,78,6000,18000,900),(80,79,6000,18000,900),(59,58,6000,18000,900),(60,58,6000,18000,900),(60,59,6000,18000,900),(62,59,6000,18000,900),(62,60,6000,18000,900),(45,44,6000,18000,900),(46,44,6000,18000,900),(47,44,6000,18000,900),(50,44,6000,18000,900),(51,44,6000,18000,900),(53,44,6000,18000,900),(54,44,6000,18000,900),(55,44,6000,18000,900),(56,44,6000,18000,900),(46,45,6000,18000,900),(47,45,6000,18000,900),(48,45,6000,18000,900),(50,45,6000,18000,900),(51,45,6000,18000,900),(52,45,6000,18000,900),(53,45,6000,18000,900),(54,45,6000,18000,900),(55,45,6000,18000,900),(56,45,6000,18000,900),(47,46,6000,18000,900),(48,46,6000,18000,900),(50,46,6000,18000,900),(51,46,6000,18000,900),(52,46,6000,18000,900),(53,46,6000,18000,900),(54,46,6000,18000,900),(55,46,6000,18000,900),(56,46,6000,18000,900),(48,47,6000,18000,900),(50,47,6000,18000,900),(51,47,6000,18000,900),(52,47,6000,18000,900),(53,47,6000,18000,900),(55,47,6000,18000,900),(56,47,6000,18000,900),(50,48,6000,18000,900),(51,48,6000,18000,900),(53,48,6000,18000,900),(54,48,6000,18000,900),(55,48,6000,18000,900),(56,48,6000,18000,900),(51,50,6000,18000,900),(52,50,6000,18000,900),(53,50,6000,18000,900),(54,50,6000,18000,900),(55,50,6000,18000,900),(56,50,6000,18000,900),(52,51,6000,18000,900),(53,51,6000,18000,900),(54,51,6000,18000,900),(55,51,6000,18000,900),(56,51,6000,18000,900),(55,52,6000,18000,900),(56,52,6000,18000,900),(40,39,6000,18000,900),(42,39,6000,18000,900),(42,40,6000,18000,900),(32,31,6000,18000,900),(34,31,6000,18000,900),(35,31,6000,18000,900),(36,31,6000,18000,900),(37,31,6000,18000,900),(38,31,6000,18000,900),(34,32,6000,18000,900),(35,32,6000,18000,900),(36,32,6000,18000,900),(37,32,6000,18000,900),(38,32,6000,18000,900),(35,34,6000,18000,900),(36,34,6000,18000,900),(37,34,6000,18000,900),(38,34,6000,18000,900),(36,35,6000,18000,900),(37,35,6000,18000,900),(38,35,6000,18000,900),(37,36,6000,18000,900),(38,36,6000,18000,900),(38,37,6000,18000,900),(17,16,6000,18000,900),(18,16,6000,18000,900),(18,17,6000,18000,900),(5,4,6000,18000,900),(6,4,6000,18000,900),(6,5,6000,18000,900);

INSERT INTO GIAO_HANG_LE.DI_QUA VALUES
(0, 333, 1),
(1, 98, 1), (1, 123, 2),
(2, 45, 1), (2, 49, 2), (2, 215, 3),
(3, 99, 1), (3, 212, 2), (3, 213, 3),
(4, 5, 1), (4, 7, 2), (4, 214, 3),
(5, 30, 1), (5, 28, 2), (5, 213, 3);

INSERT INTO GIAO_HANG_LE.THUNG_HANG VALUES
(333), (98), (123), (45), (49), (215), (99), (212), (213), (5), (7), (214), (30), (28);

INSERT INTO GIAO_HANG_LE.NHAN_VIEN VALUES
('nam.tranthanh', 'Tran Thanh Nam', '32 Tran Huy Lieu, Quan Phu Nhuan, Thanh pho Ho Chi Minh', 0922123123, 'nam.tranthanh@company.com'),
('tam.nguyen', 'Nguyen Thanh Tam', '772 Quang Trung, Quan Go Vap', 0919456765, 'tam.nguyen@company.com'),
('linh.nguyen', 'Nguyen Ngoc Linh', 'Tam Hiep, Huyen Chau Thanh, Tinh Tien Giang', 0987124543, 'linh.nguyen@company.com'),
('hai.pham', 'Pham Duy Hai', 'Thanh pho My Tho, Tinh Tien Giang', 0734127890, 'hai.pham@company.com'),
('thanh.nguyen', 'Nguyen Duc Thanh', '228 Cach Mang Thang 8, Phuong Phuoc Nguyen, Thanh Pho Ba Ria, Tinh Ba Ria Vung Tau', 0878010000, 'thang.nguyen@company.com'),
('dung.tran', 'Tran Trung Dung', '30 Le Hong Phong, Thanh pho Vung Tau, Tinh Ba Ria Vung Tau', 0909156651, 'dung.tran@company.com'),
('kha.le', 'Le Thanh Kha', '13 Tran Duy Hung, Quan Cau Giay, Ha Noi', 0772001123, 'kha.le@company.com'),
('ha.nguyen', 'Nguyen Thi Thu Ha', 'Phu Dong, Phu Linh, Huyen Soc Son, Ha Noi', 0897124567, 'ha.nguyen@company.com'),
('tran.nguyen', 'Tran Nguyen', '1 Xuan Dan, Xuan Ha, Quan Thanh Khe, Da nang', 0733780087, 'tran.nguyen@company.com'),
('nam.trantien', 'Tran Tien Nam', '35 Giai Phong, Tan Thanh, Thanh pho Buon Me Thuoc, Tinh Dak Lak', 0989543890, 'nam.trantien@company.com'),
('thinh.nguyen', 'Nguyen Quoc Thinh', 'Huyen Can Gio, Thanh pho Ho Chi Minh', 0789456654, 'thinh.nguyen@company.com'),
('thanh.nguyenthi', 'Nguyen Thi Thanh', 'Huyen Can Gio, Thanh pho Ho Chi Minh', 0956432125, 'thanh.nguyenthi@company.com'),
('nguyen.nguyen', 'Nguyen Thi Nguyen', 'Huyen Can Gio, Thanh pho Ho Chi Minh', 0976125678, 'nguyen.nguyen@company.com'),
('nam.pham', 'Pham Le Nam', 'Huyen Can Gio, Thanh pho Ho Chi Minh', 0967364135, 'nam.pham@company.com'),
('truc.nguyen', 'Nguyen Thanh Truc', 'Huyen Can Gio, Thanh pho Ho Chi Minh', 0757325412, 'truc.nguyen@company.com'),
('khang.mai', 'Mai Thanh Khang', 'Huyen Can Gio, Thanh pho Ho Chi Minh', 0980000987, 'khang.mai@company.com'),
('long.ho', 'Ho Ngoc Long', 'Huyen Can Gio, Thanh pho Ho Chi Minh', 0862564123, 'long.ho@company.com'),
('ba.nguyen', 'Nguyen Van Ba', 'Quan 10, Thanh pho Ho Chi Minh', 0909908809, 'ba.nguyen@company.com'),
('tu.phan', 'Phan Hong Tu', 'Quan Thu Duc, Thanh pho Ho Chi Minh', 0919456654, 'tu.phan@company.com'),
('quy.nguyen', 'Nguyen Phu Quy', 'Thanh pho Buon Me Thuoc, Tinh Dak Lak', 0988387134, 'quy.nguyen@company.com'),
('tai.phan', 'Phan Van Tai', 'Hai Phong', 0985246256, 'tai.phan@company.com'),
('thai.dinh', 'Dinh Quoc Thai', 'Hai Phong', 0957145987, 'thai.dinh@company.com'),
('thanh.tran', 'Tran Van Thanh', 'Binh Dinh', 0896125654, 'thanh.tran@company.com'),
('hai.le', 'Le Van Hai', 'Khanh Hoa', 0987124568, 'hai.le@company.com'),
('hao.phan', 'Phan Van Hao', 'Nam Dinh', 0765098098, 'hao.phan@company.com'),
('minh.nguyen', 'Nguyen Van Minh', 'Nam Dinh', 0654098123, 'minh.nguyen@company.com'),
('quoc.dao', 'Dao Van Quoc', 'Hai Phong', 0990143123, 'quoc.dao@company.com'),
('dinh.phan', 'Phan Dinh', 'Thanh Hoa', 0909090345, 'dinh.phan@company.com'),
('ninh.nguyen', 'Nguyen Hai Ninh', 'Thanh Hoa', 0989998889, 'ninh.nguyen@company.com'),
('khe.phan', 'Phan Thanh Khe', 'Nghe An', 0768125876, 'khe.phan@company.com'),
('vi.pham', 'Pham Dinh Vi', 'Nghe An', 0971235789, 'vi.pham@company.com'),
('bao.tran', 'Tran Gia Bao', 'Vinh Long', 0985123856, 'bao.tran@company.com'),
('em.nguyen', 'Nguyen Van Em', 'Tra Vinh', 0877778667, 'em.nguyen@company.com'),
('sinh.nguyen', 'Nguyen Sinh', 'Vung Tau', 0787878899, 'sinh.nguyen@company.com');

INSERT INTO GIAO_HANG_LE.KIEM_KHO VALUES
(0, 99, 1), (1, 98, 1), (2, 97, 1), (3, 96, 1),
(4, 7, 1), (5, 5, 1), (6, 45, 1), (7, 49, 1),
(8, 28, 1), (9, 30, 1), (10, 101, 1),
(11, 101, 1), (12, 101, 1), (13, 101, 1),
(14, 101, 2), (15, 101, 2), (16, 101, 3);

INSERT INTO GIAO_HANG_LE.TAI_XE VALUES
(17, '59H1-162.78'), (18, '60K2-156.65'), (19, '47H1-124.12'),
(20, '59B-167.88'), (21, '59B-167.89'), (22, '51B-167.90'),
(23, '59B-166.12'), (24, '59B-166.13'), (25, '59B-166.14'),
(26, '59B-166.15'), (27, '59B-166.16'), (28, '59B-166.17'),
(29, '59B-166.18'), (30, '59B-166.19'), (31, '59B-166.20'),
(32, '59B-166.21'), (33, '59B-166.22');

--------Tai xe xe may 17 -> 19
-------- Tai xe xe cho hang 20-33


INSERT INTO GIAO_HANG_LE.ROI_KHO(ma_thung, ma_tai_xe, ma_kiem_kho)  VALUES
(0, 22, 0),
(1, 23, 1),
(2, 24, 10),
(3, 25, 6),
(4, 26, 7),
(5, 27, 11),
(6, 28, 0),
(7, 29, 12),
(8, 30, 3),
(9, 33, 5),
(10, 32, 4),
(11, 31, 14),
(12, 20, 9),
(13, 21, 8);

INSERT INTO GIAO_HANG_LE.DEN_KHO(ma_thung, ma_tai_xe, ma_kiem_kho)  VALUES
(0, 22, 1),
(1, 23, 15),
(2, 24, 4),
(3, 25, 7),
(4, 26, 16),
(5, 27, 0),
(6, 28, 13),
(7, 29, 3),
(8, 30, 2),
(9, 33, 4),
(10, 32, 12),
(11, 31, 1),
(12, 20, 8),
(13, 21, 14);

INSERT INTO GIAO_HANG_LE.DONG_GOI(ma_don_hang, ma_thung_hang, ma_kiem_kho) VALUES
(0, 0, 0),
(1, 1, 1),
(1, 2, 10),
(2, 3, 6),
(2, 4, 7),
(2, 5, 11),
(3, 6, 0),
(3, 7, 12),
(3, 8, 3),
(4, 9, 5),
(4, 10, 4),
(4, 11, 14),
(5, 13, 8),
(5, 12, 9),
(5, 8, 3);


INSERT INTO GIAO_HANG_LE.GIAO_DI(ma_don_hang, ma_tai_xe, thanh_cong, ly_do) VALUES
(0, 17, 1, ''),
(1, 17, 0, 'Nguoi gui chuan bi hang'),
(3, 18, 1, ''),
(5, 19, 1, '');
INSERT INTO GIAO_HANG_LE.GIAO_DI(ma_don_hang, ma_tai_xe, thanh_cong, ly_do) VALUES
(1, 17, 1, '');

INSERT INTO GIAO_HANG_LE.GIAO_DEN(ma_don_hang, ma_tai_xe, thanh_cong, ly_do) VALUES
(0, 18, 1, ''),
(1, 19, 1, ''),
(2, 17, 1, ''),
(3, 17, 1, ''),
(4, 17, 1, ''),
(5, 17, 1, '');

INSERT INTO GIAO_HANG_LE.GIAO_DEN_KHO(ma_don_hang, ma_tai_xe, ma_kiem_kho) VALUES
(0, 17, 0),
(1, 17, 1),
(3, 18, 0),
(5, 19, 8);
 
 INSERT INTO GIAO_HANG_LE.NGUOINHAN VALUES 
(0, 'Nguyen Thanh An', 0979135654),
(1, 'Nguyen Van Thanh', 0674124978),
(2, 'Tran Van Hai', 0986243145),
(3, 'Nguyen Thanh Hai', 0876125567),
(4, 'Pham Nguyen', 0567124765),
(5, 'Ly Cong', 0986124543);

